iter	MultiClass
0	0.2937162048
1	0.2127711228
